Sentence,Rating
"The big brown dog chased the playful squirrel up the tree.",2
"Sarah giggled as she danced in the rain, feeling the droplets on her face.",4
"Max found a treasure map in his backyard and went on a thrilling adventure.",5
"The colorful butterflies fluttered gracefully in the sunny garden.",4
"Timmy built a spaceship out of cardboard boxes and went on a mission to Mars.",6
"Bella's birthday party was filled with balloons, cake, and lots of laughter.",3
"Emily planted seeds in her garden and watched as they grew into beautiful flowers.",5
"The friendly dragon soared through the sky, breathing out puffs of smoke.",4
"Sammy discovered a secret passage behind the bookshelf in his room.",5
"Alex and his friends had a picnic in the park and played games all day.",3
"The mischievous cat knocked over a vase, causing a mess in the living room.",6
"Lily rode her bike around the neighborhood, feeling the wind in her hair.",4
"Jake found a magic lamp and rubbed it, summoning a genie who granted him three wishes.",6
"The baby ducklings followed their mother closely as they waddled by the pond.",4
"Sammy's kite soared high in the sky, dancing with the clouds.",3
"Lucy's lemonade stand was a hit, with people lining up for a refreshing drink.",4
"Tommy and his sister built a fort out of blankets and pillows in the living room.",5
"Emma found a lost puppy in the park and helped it find its way back home.",4
"Bobby's toy robot came to life and helped him clean his messy room.",5
"The friendly scarecrow in the field waved at the passing animals.",4
"Sarah and her friends had a campfire in the backyard, roasting marshmallows under the stars.",6
"Jack's magic wand accidentally turned his sister's hair blue, causing lots of laughter.",5
"The colorful hot air balloons floated gracefully in the sky during the festival.",6
"Timmy's homemade cookies won first prize at the school bake sale.",5
"Emily and her mom baked a delicious apple pie together for dessert.",4
"The little squirrel gathered nuts for the winter, storing them in its cozy nest.",5
"Tommy's superhero cape made him feel brave as he saved the day in his backyard.",4
"The playful dolphins jumped in and out of the sparkling waves.",3
"Lily's fairy wings shimmered in the sunlight as she danced in the garden.",4
"Max's telescope helped him discover a new star twinkling in the night sky.",5